index,modifedZurichClass,largestSpotSize,spotDistribution,activity,evolution,previousDailyActivity,historicallyComplex,becameHistoricallyComplex,area,largestSpotArea,cFlares,mFlares,xFlares
0,H,A,X,1,3,1,1,1,1,1,0,0,0
1,D,R,O,1,3,1,1,2,1,1,0,0,0
2,C,S,O,1,3,1,1,2,1,1,0,0,0
3,H,R,X,1,2,1,1,1,1,1,0,0,0
4,H,S,X,1,1,1,1,2,1,1,0,0,0
5,C,A,O,1,2,1,1,2,1,1,0,0,0
6,B,X,O,1,3,1,1,2,1,1,0,0,0
7,C,A,O,1,3,1,1,2,1,1,0,0,0
8,C,A,O,1,2,1,1,2,1,1,1,0,0
9,B,X,O,1,3,1,1,2,1,1,0,0,0
10,C,A,O,1,2,1,1,2,1,1,0,0,0
11,B,X,O,1,3,1,1,2,1,1,0,0,0
12,B,X,I,1,2,1,1,2,1,1,0,0,0
13,C,S,O,2,2,1,1,2,1,1,0,0,0
14,B,X,O,1,3,1,1,2,1,1,0,0,0
15,B,X,O,1,2,1,1,2,1,1,0,0,0
16,D,R,I,1,3,1,1,2,1,1,1,0,0
17,H,S,X,1,3,1,1,2,1,1,0,0,0
18,B,X,O,1,2,1,1,2,1,1,0,0,0
19,B,X,O,1,2,1,2,2,1,1,0,0,0
20,H,S,X,1,2,1,1,2,1,1,0,0,0
21,B,X,O,1,3,1,1,2,1,1,0,0,0
22,B,X,O,2,2,1,2,2,1,1,0,0,0
23,C,R,O,1,3,1,1,2,1,1,5,0,0
24,B,X,O,1,2,1,2,2,1,1,0,0,0
25,B,X,O,1,3,1,1,2,1,1,0,0,0
26,D,A,I,2,3,1,1,2,1,1,2,0,0
27,B,X,O,1,3,1,1,2,1,1,0,0,0
28,D,R,O,1,3,1,1,2,1,1,0,0,0
29,B,X,O,1,3,1,1,2,1,1,0,0,0
30,B,X,O,1,1,1,2,2,1,1,0,0,0
31,B,X,O,1,1,1,1,2,1,1,0,0,0
32,C,R,I,2,1,1,2,2,1,1,0,0,0
33,B,X,O,1,3,1,1,2,1,1,0,0,0
34,D,R,I,1,3,1,2,2,1,1,0,0,0
35,B,X,O,1,2,1,1,2,1,1,0,0,0
36,C,R,O,1,3,1,1,2,1,1,0,0,0
37,E,A,C,1,3,1,1,2,1,1,3,1,0
38,H,A,X,1,2,1,1,1,1,1,1,0,0
39,B,X,O,1,2,1,2,2,1,1,1,0,0
40,B,X,O,1,3,1,1,2,1,1,0,0,0
41,B,X,O,1,2,1,1,2,1,1,0,0,0
42,D,K,I,2,3,1,2,2,1,1,2,0,0
43,E,A,I,2,2,1,1,2,1,1,8,0,0
44,D,A,I,1,3,1,2,2,1,1,0,0,0
45,B,X,O,1,3,1,1,2,1,1,0,0,0
46,H,R,X,1,2,1,1,2,1,1,0,0,0
47,C,R,O,1,2,1,1,2,1,1,0,0,0
48,D,A,O,2,3,3,2,2,1,1,2,0,0
49,E,S,O,2,3,1,2,2,1,1,5,0,0
50,C,R,O,1,3,1,1,2,1,1,0,0,0
51,E,S,I,2,3,1,2,2,1,1,0,0,0
52,C,R,O,1,3,1,1,2,1,1,0,0,0
53,D,A,I,2,3,1,2,2,1,1,0,0,0
54,E,A,I,2,3,1,2,2,1,1,4,4,0
55,H,S,X,1,3,1,1,1,1,1,0,0,0
56,D,A,O,1,3,1,1,2,1,1,1,0,0
57,D,R,O,1,3,1,1,2,1,1,1,1,0
58,D,S,O,1,3,1,2,2,1,1,0,0,0
59,B,X,O,1,2,1,1,2,1,1,0,0,0
60,D,A,I,2,2,1,2,2,1,1,0,0,0
61,E,A,I,2,3,3,2,2,1,1,6,0,0
62,H,S,X,1,1,1,1,1,1,1,0,0,0
63,D,S,I,2,3,1,1,2,1,1,0,0,0
64,D,S,O,2,3,2,1,2,1,1,1,0,0
65,D,R,O,1,3,1,1,2,1,1,0,0,0
66,D,S,O,1,3,1,2,2,1,1,0,0,0
67,D,S,O,1,3,1,1,2,1,1,0,0,0
68,D,S,O,1,2,1,2,2,1,1,0,0,0
69,E,K,C,2,3,3,2,2,2,1,6,0,0
70,H,R,X,1,3,1,1,1,1,1,0,0,0
71,D,A,O,1,2,1,2,2,1,1,2,0,0
72,C,S,I,1,3,1,1,2,1,1,1,0,0
73,C,S,O,1,2,1,1,2,1,1,0,0,0
74,B,X,O,1,3,1,1,2,1,1,1,0,0
75,B,X,O,1,3,1,1,2,1,1,0,0,0
76,D,S,O,1,2,1,2,2,1,1,1,0,0
77,D,A,I,1,3,1,1,2,1,1,0,0,0
78,D,S,O,1,2,1,2,2,1,1,0,0,0
79,F,K,C,2,3,1,2,2,2,1,0,0,0
80,D,A,I,1,3,1,2,2,1,1,0,0,0
81,C,R,O,1,2,1,1,2,1,1,0,0,0
82,C,R,O,1,3,1,1,2,1,1,0,0,0
83,B,X,O,1,3,1,1,2,1,1,1,0,0
84,D,S,O,1,2,1,2,2,1,1,0,0,0
85,H,A,X,1,2,1,2,2,1,1,0,0,0
86,D,A,O,1,3,1,2,2,1,1,0,0,0
87,F,K,C,2,2,1,2,2,1,1,4,0,0
88,D,S,I,2,2,1,2,2,1,1,0,0,0
89,B,X,O,1,2,1,1,2,1,1,0,0,0
90,C,R,O,1,3,1,1,2,1,1,0,0,0
91,B,X,O,1,3,1,1,2,1,1,1,0,0
92,B,X,O,1,3,1,1,2,1,1,0,0,0
93,D,S,O,1,2,1,1,2,1,1,3,0,0
94,H,R,X,1,2,1,2,2,1,1,0,0,0
95,H,A,X,1,2,1,2,2,1,1,0,0,0
96,C,S,O,1,2,1,2,2,1,1,0,0,0
97,F,A,I,1,2,1,2,2,2,1,1,0,0
98,D,S,O,1,2,1,2,2,1,1,1,0,0
99,C,R,O,1,2,1,1,2,1,1,0,0,0
100,D,A,C,2,3,1,1,2,1,1,2,0,0
101,B,X,O,1,1,1,1,2,1,1,0,0,0
102,E,A,I,2,3,1,1,2,1,1,2,0,0
103,H,A,X,1,2,1,2,2,1,1,0,0,0
104,C,S,O,1,3,1,2,2,1,1,1,0,0
105,F,A,C,2,3,1,2,2,2,1,2,0,0
106,D,S,O,1,2,1,2,2,1,1,0,0,0
107,D,A,I,2,3,1,2,2,1,1,3,0,0
108,B,X,O,1,3,1,1,2,1,1,0,0,0
109,E,A,I,2,3,1,2,2,1,1,0,0,0
110,D,S,O,2,3,1,2,2,1,1,0,0,0
111,F,A,I,2,2,1,2,2,1,1,2,0,0
112,H,S,X,1,1,1,2,2,1,1,1,0,0
113,D,A,I,2,2,1,2,2,1,1,0,0,0
114,B,X,O,1,2,1,1,2,1,1,0,0,0
115,E,S,I,2,2,1,2,2,1,1,0,0,0
116,H,S,X,1,2,1,1,1,1,1,0,0,0
117,F,A,C,2,2,1,2,2,1,1,1,0,0
118,H,S,X,1,2,1,2,2,1,1,0,0,0
119,E,A,O,1,2,1,2,2,1,1,1,0,0
120,E,A,I,1,2,1,2,2,1,1,1,0,0
121,B,X,O,1,3,1,1,2,1,1,0,0,0
122,C,S,O,1,3,1,1,2,1,1,1,0,0
123,H,S,X,1,2,1,2,2,1,1,0,0,0
124,F,A,I,2,2,1,2,2,1,1,0,0,0
125,E,A,O,1,2,1,2,2,1,1,0,0,0
126,E,S,I,1,2,1,2,2,1,1,0,0,0
127,E,A,O,1,3,1,1,2,1,1,2,0,0
128,H,S,X,1,2,1,1,1,1,1,0,0,0
129,E,S,O,1,1,1,2,2,1,1,0,0,0
130,E,S,I,2,3,1,2,2,1,1,0,0,0
131,C,S,O,2,2,1,1,2,1,1,1,0,0
132,E,S,O,1,2,1,1,2,1,1,0,0,0
133,E,A,I,1,2,1,2,2,1,1,0,0,0
134,H,S,X,1,2,1,1,2,1,1,2,0,0
135,E,A,O,1,3,1,1,2,1,1,0,0,0
136,H,H,X,1,2,1,1,1,1,1,0,0,0
137,B,X,O,1,3,1,1,2,1,1,0,0,0
138,C,R,O,1,3,1,1,2,1,1,0,0,0
139,E,S,I,1,2,1,2,2,1,1,0,0,0
140,C,S,O,2,3,1,1,2,1,1,0,0,0
141,E,S,O,1,3,1,1,2,1,1,0,0,0
142,H,H,X,1,3,1,1,1,1,1,0,0,0
143,B,X,O,1,3,1,1,2,1,1,0,0,0
144,H,S,X,1,2,1,1,1,1,1,1,0,0
145,B,X,O,1,3,1,1,2,1,1,0,0,0
146,C,R,O,1,2,1,1,2,1,1,3,0,0
147,D,R,O,1,2,1,1,2,1,1,0,0,0
148,E,S,O,1,2,1,2,2,1,1,0,0,0
149,C,S,O,2,2,1,1,2,1,1,0,0,0
150,E,S,O,1,3,1,1,2,1,1,0,0,0
151,C,H,O,1,3,1,1,2,1,1,0,0,0
152,B,X,O,1,1,1,1,2,1,1,0,0,0
153,H,S,X,1,2,1,1,1,1,1,0,0,0
154,B,X,O,1,3,1,1,2,1,1,0,0,0
155,E,R,C,2,3,1,1,2,1,1,0,0,0
156,D,R,I,1,3,1,1,2,1,1,0,0,0
157,H,S,X,1,1,1,2,2,1,1,0,0,0
158,C,S,O,1,2,1,1,2,1,1,0,0,0
159,E,S,O,1,2,1,1,2,1,1,2,0,0
160,C,K,O,1,2,1,1,2,1,1,2,0,0
161,H,S,X,2,2,1,1,1,1,1,0,0,0
162,B,X,O,1,2,1,1,2,1,1,0,0,0
163,E,K,C,1,3,1,2,2,1,1,0,1,0
164,E,A,I,1,3,1,2,2,1,1,0,0,0
165,C,R,O,1,3,1,1,2,1,1,0,0,0
166,H,R,X,1,1,1,2,2,1,1,0,0,0
167,H,S,X,1,2,1,1,2,1,1,0,0,0
168,E,S,O,1,2,1,1,2,1,1,0,0,0
169,C,S,O,1,3,1,1,2,1,1,0,0,0
170,H,S,X,1,2,1,1,1,1,1,0,0,0
171,E,K,C,1,3,1,2,2,2,1,2,1,0
172,E,R,O,1,3,1,2,2,2,1,0,0,0
173,H,S,X,1,3,1,1,1,1,1,0,0,0
174,H,S,X,1,1,1,1,2,1,1,0,0,0
175,D,S,O,2,2,1,1,2,1,1,0,0,0
176,C,S,O,2,1,1,1,2,1,1,0,0,0
177,H,S,X,1,1,1,1,1,1,1,0,0,0
178,B,X,O,1,3,1,1,2,1,1,0,0,0
179,E,A,C,2,1,3,2,2,1,1,5,0,0
180,E,A,O,1,1,1,2,2,1,1,3,0,0
181,H,R,X,1,3,1,1,2,1,1,0,0,0
182,H,S,X,1,2,1,1,1,1,1,0,0,0
183,H,S,X,1,2,1,1,1,1,1,0,0,0
184,H,S,X,1,3,1,1,2,1,1,0,0,0
185,H,S,X,1,3,1,1,2,1,1,1,0,0
186,H,H,X,1,3,1,1,2,1,1,0,0,0
187,H,S,X,1,3,1,1,1,1,1,0,0,0
188,F,K,C,2,3,3,2,2,2,1,1,0,0
189,E,A,O,2,2,1,2,2,1,1,1,0,0
190,D,S,O,1,3,1,1,2,1,1,1,0,0
191,H,S,X,1,3,1,1,1,1,1,0,0,0
192,C,S,O,1,3,1,1,2,1,1,0,0,0
193,H,S,X,1,2,1,1,2,1,1,0,0,0
194,H,S,X,1,2,1,1,2,1,1,0,0,0
195,C,H,O,1,3,1,1,2,1,1,1,0,0
196,B,X,O,1,1,1,1,2,1,1,0,0,0
197,F,K,C,2,3,1,2,2,2,1,0,0,0
198,E,A,O,2,2,1,2,2,1,1,0,0,0
199,D,S,I,1,3,1,1,2,1,1,0,0,0
200,H,S,X,1,3,1,1,1,1,1,0,0,0
201,C,R,I,1,3,1,1,2,1,1,0,0,0
202,D,A,O,1,3,1,1,2,1,1,1,0,0
203,H,S,X,1,2,1,1,2,1,1,0,0,0
204,C,S,O,2,3,1,1,2,1,1,1,0,0
205,C,S,O,1,2,1,1,2,1,1,0,0,0
206,F,K,I,2,2,1,2,2,2,1,1,0,0
207,E,R,O,2,2,1,2,2,1,1,0,0,0
208,C,R,I,1,3,1,1,2,1,1,0,0,0
209,D,R,O,1,3,1,1,2,1,1,0,0,0
210,D,A,I,1,3,1,1,2,1,1,0,1,0
211,D,S,O,1,3,1,1,2,1,1,1,0,0
212,C,S,O,1,3,1,1,2,1,1,0,0,0
213,H,S,X,1,1,1,1,2,1,1,0,0,0
214,H,S,X,2,2,1,1,2,1,1,0,0,0
215,F,A,I,1,2,1,2,2,1,1,2,0,0
216,C,R,I,1,3,1,1,2,1,1,1,0,0
217,D,S,O,1,3,1,1,2,1,1,0,0,0
218,C,S,I,2,2,1,2,2,1,1,0,0,0
219,D,A,O,2,3,1,1,2,1,1,0,0,0
220,C,S,O,1,2,1,1,2,1,1,3,0,0
221,H,S,X,1,2,1,1,2,1,1,0,0,0
222,H,S,X,1,3,1,1,2,1,1,0,0,0
223,F,A,I,2,2,1,2,2,1,1,1,0,1
224,D,R,I,2,2,1,1,2,1,1,0,0,0
225,D,A,I,1,3,1,1,2,1,1,0,0,0
226,D,A,O,2,2,3,2,2,1,1,0,0,0
227,D,A,O,1,2,1,1,2,1,1,0,0,0
228,D,R,O,1,3,1,1,2,1,1,1,0,0
229,H,S,X,1,2,1,1,2,1,1,0,0,0
230,H,S,X,1,2,1,1,2,1,1,0,0,0
231,F,K,I,2,3,1,2,2,2,1,3,0,0
232,D,A,I,1,2,1,2,2,1,1,0,0,0
233,D,A,I,1,3,1,2,2,1,1,0,0,0
234,B,X,I,1,2,1,2,2,1,1,0,1,0
235,D,A,O,1,3,1,1,2,1,1,0,0,0
236,D,A,O,2,3,1,1,2,1,1,0,0,0
237,C,R,O,1,3,1,1,2,1,1,0,0,0
238,B,X,O,1,3,1,1,2,1,1,1,0,0
239,B,X,O,1,2,1,1,2,1,1,0,0,0
240,H,S,X,1,3,1,1,2,1,1,0,0,0
241,H,S,X,1,2,1,1,2,1,1,0,0,0
242,F,K,I,2,2,3,2,2,1,1,0,0,0
243,D,R,C,1,3,1,2,2,1,1,1,0,0
244,D,A,I,1,2,1,2,2,1,1,0,0,0
245,H,S,X,1,1,1,2,2,1,1,0,0,0
246,D,A,O,1,2,1,1,2,1,1,0,0,0
247,D,A,O,2,3,1,1,2,1,1,0,0,0
248,D,R,O,1,2,1,1,2,1,1,0,0,0
249,B,X,O,1,2,1,1,2,1,1,0,0,0
250,C,R,O,1,2,1,1,2,1,1,0,0,0
251,B,X,I,1,3,1,1,2,1,1,0,0,0
252,H,R,X,1,2,1,1,1,1,1,0,0,0
253,H,S,X,1,2,1,1,1,1,1,0,0,0
254,F,S,O,1,1,1,2,2,1,1,0,0,0
255,D,R,I,2,2,1,2,2,1,1,0,0,0
256,C,R,O,1,2,1,2,2,1,1,1,0,0
257,H,A,X,2,3,2,2,2,1,1,0,0,0
258,H,A,X,1,2,1,1,2,1,1,0,0,0
259,D,A,I,1,2,1,1,2,1,1,0,0,0
260,H,S,X,1,1,1,1,2,1,1,0,0,0
261,D,R,O,1,3,1,1,2,1,1,0,0,0
262,D,R,O,1,3,1,1,2,1,1,0,0,0
263,C,R,O,1,3,1,1,2,1,1,0,0,0
264,H,S,X,1,2,1,2,1,1,1,0,0,0
265,C,R,O,1,3,1,1,2,1,1,0,0,0
266,D,R,O,1,3,1,1,2,1,1,0,0,0
267,C,R,O,1,1,1,2,2,1,1,0,0,0
268,H,S,X,1,2,1,2,2,1,1,0,0,0
269,H,A,X,1,3,1,1,2,1,1,0,0,0
270,D,S,I,1,2,1,2,2,1,1,0,3,0
271,B,X,O,1,3,1,1,2,1,1,0,0,0
272,B,X,I,1,3,1,1,2,1,1,0,0,0
273,D,S,I,1,3,1,1,2,1,1,0,0,0
274,H,R,X,1,3,1,1,2,1,1,0,0,0
275,H,A,X,1,2,1,2,1,1,1,0,0,0
276,H,R,X,1,2,1,1,2,1,1,0,0,0
277,B,X,O,1,3,1,1,2,1,1,0,0,0
278,B,X,O,1,3,1,1,2,1,1,0,0,0
279,B,X,O,1,3,1,1,2,1,1,0,0,0
280,C,S,O,1,2,1,2,2,1,1,0,0,0
281,B,X,O,2,1,1,2,2,1,1,0,0,0
282,H,R,X,1,2,1,2,2,1,1,0,0,0
283,D,R,O,1,1,1,1,2,1,1,0,0,0
284,D,S,O,1,2,1,2,2,1,1,0,0,0
285,B,X,O,1,2,1,1,2,1,1,0,0,0
286,C,R,O,1,1,1,1,2,1,1,0,0,0
287,C,R,O,1,2,1,2,2,1,1,0,0,0
288,C,R,O,1,3,1,1,2,1,1,0,0,0
289,C,A,O,1,3,1,2,2,1,1,0,0,0
290,H,S,X,1,3,1,1,2,1,1,0,0,0
291,C,R,O,1,3,1,1,2,1,1,0,0,0
292,H,R,X,1,1,1,1,2,1,1,0,0,0
293,C,R,I,1,3,1,1,2,1,1,2,0,0
294,D,A,O,1,3,1,2,2,1,1,0,0,0
295,B,X,O,1,3,1,1,2,1,1,0,0,0
296,H,R,X,1,3,1,1,2,1,1,0,0,0
297,C,S,O,2,2,3,2,2,1,1,1,0,0
298,H,R,X,1,3,1,1,2,1,1,0,0,0
299,C,R,O,1,2,1,2,2,1,1,0,0,0
300,C,R,O,1,2,1,1,2,1,1,0,0,0
301,H,A,X,1,2,1,2,2,1,1,0,0,0
302,C,R,O,1,3,1,1,2,1,1,0,0,0
303,B,X,O,1,3,1,1,2,1,1,0,0,0
304,D,R,I,1,3,1,1,2,1,1,2,0,0
305,H,A,X,1,2,1,2,2,1,1,0,1,0
306,C,R,O,1,3,1,1,2,1,1,0,0,0
307,H,S,X,1,3,1,2,2,1,1,0,0,0
308,B,X,O,1,2,1,1,2,1,1,0,0,0
309,H,S,X,1,2,1,1,2,1,1,0,0,0
310,C,S,O,1,2,1,2,2,1,1,0,0,0
311,C,R,O,1,1,1,1,2,1,1,0,0,0
312,H,R,X,1,3,1,1,2,1,1,0,0,0
313,E,A,I,2,3,1,2,2,1,1,1,0,0
314,D,R,I,1,2,1,2,2,1,1,0,0,0
315,C,R,O,1,2,1,1,2,1,1,0,0,0
316,B,X,O,1,3,1,1,2,1,1,0,0,0
317,C,S,O,1,2,1,1,2,1,1,1,0,0
318,H,S,X,2,2,1,2,2,1,1,0,0,0
319,B,X,O,1,3,1,1,2,1,1,0,0,0
320,C,S,O,1,3,1,2,2,1,1,0,0,0
321,D,A,I,1,3,1,1,2,1,1,0,0,0
322,E,A,I,2,2,1,2,2,1,1,0,0,0
323,D,R,I,2,3,2,2,2,1,1,0,0,0
324,C,S,O,1,3,1,1,2,1,1,0,1,0
325,H,S,X,1,2,1,2,2,1,1,0,0,0
326,C,A,O,1,2,1,2,2,1,1,0,0,0
327,C,R,O,1,2,1,2,2,1,1,0,0,0
328,C,A,I,1,2,1,2,2,1,1,0,0,0
329,B,X,O,1,2,1,2,2,1,1,0,0,0
330,D,A,I,2,3,1,1,2,1,1,0,0,0
331,C,R,O,1,3,1,1,2,1,1,0,0,0
332,B,X,O,1,3,1,1,2,1,1,0,0,0
333,H,S,X,1,2,1,2,2,1,1,0,0,0
334,C,A,O,1,3,1,2,2,1,1,0,0,0
335,D,R,I,1,2,1,2,2,1,1,0,0,0
336,C,R,O,1,2,1,2,2,1,1,0,0,0
337,B,X,I,1,3,1,2,2,1,1,0,0,0
338,D,A,I,2,3,3,2,2,1,1,2,0,0
339,D,R,O,1,3,1,1,2,1,1,1,0,0
340,B,X,O,1,3,1,1,2,1,1,0,0,0
341,D,R,O,1,3,1,1,2,1,1,0,0,0
342,H,A,X,1,2,1,2,2,1,1,0,0,0
343,B,X,O,1,1,1,2,2,1,1,0,0,0
344,C,A,O,1,2,1,2,2,1,1,0,0,0
345,D,A,I,1,2,1,2,2,1,1,4,0,0
346,C,R,O,1,1,1,1,2,1,1,0,0,0
347,C,R,O,1,1,1,1,2,1,1,0,0,0
348,H,A,X,1,2,1,2,2,1,1,0,0,0
349,C,R,O,1,2,1,2,2,1,1,0,0,0
350,D,S,O,2,3,1,2,2,1,1,1,0,0
351,B,X,O,2,3,1,1,2,1,1,0,0,0
352,C,S,O,1,3,1,1,2,1,1,0,0,0
353,B,X,O,1,3,1,1,2,1,1,0,0,0
354,B,X,O,1,3,1,1,2,1,1,0,0,0
355,H,S,X,1,2,1,2,2,1,1,0,0,0
356,D,A,I,2,2,1,2,2,1,1,0,1,0
357,H,R,X,1,2,1,1,2,1,1,0,0,0
358,D,R,O,1,2,1,1,2,1,1,0,0,0
359,H,R,X,1,2,1,1,2,1,1,0,0,0
360,H,S,X,1,2,1,1,1,1,1,0,0,0
361,H,S,X,1,3,1,2,2,1,1,0,0,0
362,D,K,I,2,3,2,2,2,1,1,2,0,0
363,B,X,O,1,2,1,1,2,1,1,0,0,0
364,B,X,I,1,2,1,1,2,1,1,0,0,0
365,B,X,O,1,2,1,1,2,1,1,0,0,0
366,H,S,X,1,2,1,1,1,1,1,0,0,0
367,B,X,O,1,3,1,1,2,1,1,0,0,0
368,H,S,X,1,2,1,1,1,1,1,0,1,0
369,D,K,I,1,3,1,2,2,1,1,4,0,0
370,B,X,O,1,1,1,1,2,1,1,0,0,0
371,B,X,O,1,3,1,1,2,1,1,0,0,0
372,H,S,X,1,2,1,1,1,1,1,0,0,0
373,C,S,O,2,3,3,1,2,1,1,0,1,0
374,B,X,O,1,3,1,1,2,1,1,0,0,0
375,D,R,O,1,2,1,1,2,1,1,0,0,0
376,D,K,I,2,3,1,2,2,1,1,3,1,0
377,B,X,O,1,3,1,1,2,1,1,0,0,0
378,H,S,X,1,2,1,1,1,1,1,0,0,0
379,C,S,O,1,3,1,1,2,1,1,0,0,0
380,B,X,O,1,3,1,1,2,1,1,0,0,0
381,D,R,O,1,3,1,1,2,1,1,0,0,0
382,C,R,O,1,3,1,1,2,1,1,0,0,0
383,D,R,O,1,3,1,1,2,1,1,0,0,0
384,D,K,I,2,2,1,2,2,1,1,1,0,0
385,D,A,I,1,3,1,1,2,1,1,0,0,0
386,H,S,X,1,2,1,1,1,1,1,0,0,0
387,C,S,O,2,2,2,1,2,1,1,0,0,0
388,D,R,O,1,2,1,1,2,1,1,0,0,0
389,B,X,O,1,2,1,1,2,1,1,0,0,0
390,B,X,O,1,2,1,1,2,1,1,0,0,0
391,B,X,O,1,3,1,1,2,1,1,1,0,0
392,B,X,O,1,3,1,1,2,1,1,0,0,0
393,D,S,O,1,2,1,1,2,1,1,1,0,0
394,D,A,I,2,2,3,2,2,1,1,0,0,0
395,D,S,O,1,3,1,1,2,1,1,1,0,0
396,D,A,I,1,2,1,2,2,1,1,0,0,0
397,C,S,O,1,3,1,1,2,1,1,0,0,0
398,H,R,X,1,3,1,1,2,1,1,0,0,0
399,C,R,O,1,3,1,1,2,1,1,0,0,0
400,B,X,O,1,2,1,1,2,1,1,0,0,0
401,B,X,O,1,3,1,1,2,1,1,0,0,0
402,D,A,I,1,3,1,1,2,1,1,0,0,0
403,H,S,X,1,2,1,1,1,1,1,0,0,0
404,C,R,O,1,3,1,1,2,1,1,1,0,0
405,H,A,X,1,1,1,2,2,1,1,0,0,0
406,H,S,X,1,1,1,1,2,1,1,0,0,0
407,D,A,I,1,3,1,2,2,1,1,0,0,0
408,H,S,X,1,1,1,1,2,1,1,0,0,0
409,C,S,O,1,2,1,1,2,1,1,0,0,0
410,D,R,O,1,2,1,1,2,1,1,1,0,0
411,D,S,I,2,3,1,1,2,1,1,0,0,0
412,D,A,C,2,3,1,2,2,1,1,0,0,0
413,H,S,X,1,3,1,1,1,1,1,0,0,0
414,D,R,O,1,2,1,1,2,1,1,0,0,0
415,C,A,O,1,3,1,1,2,1,1,0,0,0
416,D,R,O,1,3,1,1,2,1,1,0,0,0
417,H,S,X,1,3,1,1,2,1,1,0,0,0
418,H,S,X,1,2,1,1,1,1,1,0,0,0
419,B,X,O,1,2,1,1,2,1,1,0,0,0
420,E,A,I,1,3,1,2,2,1,1,1,0,0
421,D,S,O,1,3,1,1,2,1,1,0,0,0
422,H,S,X,1,3,1,1,2,1,1,0,0,0
423,H,R,X,1,1,1,1,2,1,1,0,0,0
424,D,A,O,1,1,1,2,2,1,1,0,0,0
425,D,A,I,1,2,1,2,2,1,1,0,0,0
426,H,S,X,1,2,1,1,1,1,1,0,0,0
427,C,R,O,2,2,1,1,2,1,1,0,0,0
428,C,R,O,1,3,1,1,2,1,1,0,0,0
429,D,S,I,1,3,1,1,2,1,1,1,0,0
430,H,R,X,1,2,1,1,1,1,1,0,0,0
431,H,R,X,1,2,1,1,2,1,1,0,0,0
432,E,A,C,1,3,1,2,2,1,1,0,0,0
433,D,A,O,1,3,1,1,2,1,1,0,0,0
434,C,S,O,1,3,1,1,2,1,1,0,0,0
435,H,S,X,2,2,1,1,2,1,1,0,0,0
436,D,R,O,1,3,1,2,2,1,1,0,0,0
437,C,S,O,1,2,1,2,2,1,1,0,0,0
438,H,H,X,1,2,1,1,1,1,1,0,0,0
439,C,R,O,1,3,1,1,2,1,1,0,0,0
440,D,S,I,1,3,1,2,2,1,1,1,0,0
441,C,R,O,1,3,1,1,2,1,1,0,1,0
442,H,R,X,1,3,1,1,2,1,1,0,0,0
443,H,S,X,1,2,1,2,1,1,1,0,0,0
444,H,S,X,1,2,1,1,1,1,1,0,0,0
445,D,A,O,1,1,1,2,2,1,1,0,0,0
446,D,S,I,1,3,1,1,2,1,1,0,0,0
447,H,S,X,1,3,1,1,2,1,1,0,0,0
448,C,R,I,1,3,1,2,2,1,1,0,0,0
449,D,R,I,1,3,1,2,2,1,1,0,0,0
450,H,A,X,1,2,1,1,1,1,1,0,0,0
451,B,X,O,1,2,1,1,2,1,1,0,0,0
452,E,A,I,2,3,1,2,2,1,1,2,0,0
453,D,R,O,1,3,1,1,2,1,1,0,1,0
454,H,H,X,1,3,1,2,1,1,1,0,0,0
455,D,A,I,1,2,1,1,2,1,1,0,0,0
456,D,R,O,1,3,1,1,2,1,1,0,0,0
457,B,X,O,1,3,1,1,2,1,1,0,0,0
458,D,S,I,1,3,1,2,2,1,1,0,0,0
459,H,S,X,1,2,1,1,2,1,1,0,0,0
460,D,A,I,1,3,1,2,2,1,1,0,0,0
461,C,R,O,1,3,1,1,2,1,1,0,0,0
462,D,R,O,1,2,1,2,2,1,1,0,0,0
463,H,S,X,1,3,1,1,1,1,1,0,0,0
464,D,R,O,1,3,1,1,2,1,1,0,0,0
465,E,A,I,2,2,1,2,2,1,1,3,0,0
466,D,A,I,2,3,3,1,2,1,1,1,0,0
467,B,X,O,1,2,1,1,2,1,1,0,0,0
468,H,A,X,1,3,1,2,1,1,1,0,0,0
469,D,A,I,1,3,1,2,2,1,1,3,0,0
470,C,R,O,1,2,1,1,2,1,1,0,0,0
471,D,S,O,1,1,1,2,2,1,1,0,0,0
472,H,S,X,1,2,1,1,2,1,1,0,0,0
473,D,R,O,1,1,1,2,2,1,1,0,0,0
474,C,R,O,1,2,1,1,2,1,1,0,0,0
475,B,X,O,1,2,1,2,2,1,1,0,0,0
476,H,S,X,1,3,1,1,1,1,1,0,0,0
477,C,R,O,1,2,1,1,2,1,1,0,0,0
478,E,A,O,2,2,1,2,2,1,1,4,0,0
479,E,A,I,1,3,1,2,2,1,1,0,0,0
480,H,A,X,1,3,1,2,1,1,1,0,0,0
481,D,A,I,2,3,1,2,2,1,1,0,1,0
482,C,R,O,1,3,1,1,2,1,1,0,0,0
483,D,S,O,1,2,1,2,2,1,1,0,0,0
484,H,S,X,1,2,1,1,2,1,1,0,0,0
485,D,R,O,1,3,1,2,2,1,1,0,0,0
486,H,S,X,1,2,1,1,1,1,1,0,0,0
487,C,A,O,1,1,1,1,2,1,1,0,0,0
488,E,A,I,1,2,1,2,2,1,1,0,0,0
489,E,A,C,2,2,1,2,2,1,1,0,0,0
490,H,A,X,1,2,1,2,1,1,1,0,0,0
491,D,A,C,2,2,3,2,2,1,1,0,0,0
492,E,S,I,1,2,1,2,2,1,1,0,0,0
493,H,R,X,1,2,1,1,1,1,1,0,0,0
494,H,S,X,1,3,1,1,2,1,1,0,0,0
495,D,A,I,1,3,1,2,2,1,1,0,1,0
496,H,S,X,1,3,1,1,1,1,1,0,0,0
497,E,A,O,2,3,1,2,2,1,1,0,0,0
498,E,A,O,1,2,1,2,2,1,1,1,0,0
499,C,A,O,1,2,1,2,2,1,1,0,0,0
500,D,A,C,1,2,1,2,2,1,1,0,0,0
501,E,S,I,1,3,1,2,2,1,1,5,1,0
502,H,R,X,1,3,1,1,1,1,1,0,0,0
503,D,R,I,1,3,1,1,2,1,1,1,0,0
504,H,S,X,1,3,1,1,1,1,1,0,0,0
505,H,S,X,1,3,1,2,1,1,1,0,0,0
506,D,S,I,1,3,1,2,2,1,1,0,0,0
507,H,S,X,1,2,1,1,1,1,1,0,0,0
508,H,A,X,1,2,1,2,2,1,1,0,0,0
509,F,A,I,1,2,1,2,2,1,1,4,0,0
510,C,A,O,1,3,1,2,2,1,1,0,0,0
511,C,A,I,1,2,1,2,2,1,1,0,0,0
512,E,A,I,1,3,1,2,2,1,1,0,0,0
513,H,S,X,1,2,1,1,1,1,1,1,0,0
514,D,R,I,2,3,1,2,2,1,1,1,0,0
515,H,S,X,1,2,1,2,1,1,1,0,0,0
516,B,X,O,1,3,1,1,2,1,1,0,0,0
517,D,S,O,1,1,3,2,2,1,1,0,0,0
518,H,S,X,1,2,1,1,1,1,1,0,0,0
519,F,A,I,2,2,1,2,2,1,1,3,0,0
520,C,R,O,1,2,1,2,2,1,1,0,0,0
521,E,A,I,2,3,3,2,2,1,1,1,0,0
522,H,S,X,1,3,1,1,1,1,1,0,0,0
523,C,A,I,1,2,1,2,2,1,1,0,0,0
524,H,S,X,1,2,1,2,1,1,1,0,0,0
525,D,R,I,1,3,1,1,2,1,1,0,0,0
526,C,R,O,1,3,1,1,2,1,1,0,0,0
527,H,S,X,1,2,1,1,1,1,1,0,0,0
528,F,A,I,2,2,1,2,2,1,1,0,0,0
529,C,R,O,1,2,1,2,2,1,1,0,0,0
530,H,S,X,1,3,1,2,2,1,1,1,0,0
531,E,A,I,1,3,1,2,2,1,1,0,0,0
532,H,S,X,2,2,1,1,1,1,1,1,0,0
533,C,A,I,2,3,1,2,2,1,1,0,0,0
534,H,S,X,1,2,1,2,1,1,1,0,0,0
535,D,R,I,1,3,1,2,2,1,1,0,0,0
536,C,R,O,1,3,1,1,2,1,1,0,0,0
537,H,S,X,1,2,1,1,1,1,1,0,0,0
538,F,A,I,1,1,1,2,2,1,1,0,0,0
539,H,R,X,1,1,1,2,2,1,1,0,0,0
540,H,S,X,2,3,1,2,2,1,1,0,0,0
541,E,S,I,2,2,1,2,2,1,1,3,0,0
542,H,S,X,1,3,1,1,1,1,1,0,0,0
543,D,R,I,1,2,1,2,2,1,1,0,0,0
544,H,R,X,1,2,1,2,1,1,1,0,0,0
545,D,A,O,1,2,1,2,2,1,1,0,0,0
546,H,R,X,1,1,1,1,2,1,1,0,0,0
547,B,X,O,1,2,1,1,2,1,1,0,0,0
548,H,S,X,1,2,1,2,1,1,1,0,0,0
549,H,S,X,1,2,1,2,2,1,1,0,0,0
550,E,S,I,2,2,1,2,2,1,1,0,0,0
551,C,S,O,2,2,1,1,2,1,1,0,0,0
552,C,R,O,1,1,1,2,2,1,1,0,0,0
553,H,S,X,1,2,1,2,1,1,1,0,0,0
554,B,X,O,1,3,1,1,2,1,1,0,0,0
555,H,S,X,1,3,1,1,1,1,1,0,0,0
556,H,S,X,1,2,1,2,2,1,1,0,0,0
557,D,A,I,2,2,1,2,2,1,1,1,0,0
558,H,S,X,1,2,1,1,2,1,1,0,0,0
559,B,X,O,1,2,1,2,2,1,1,0,0,0
560,H,S,X,1,2,1,2,1,1,1,0,0,0
561,C,R,O,1,3,1,1,2,1,1,0,0,0
562,D,S,O,2,3,1,2,2,1,1,0,0,0
563,D,H,O,1,3,1,1,2,1,1,0,0,0
564,D,R,O,1,3,1,1,2,1,1,0,0,0
565,C,S,O,1,2,1,1,2,1,1,0,0,0
566,H,S,X,1,2,1,2,2,1,1,0,0,0
567,D,A,I,1,2,1,2,2,1,1,0,0,0
568,H,S,X,1,2,1,1,2,1,1,0,0,0
569,H,R,X,1,2,1,2,1,1,1,0,0,0
570,C,S,O,1,3,1,2,2,1,1,0,0,0
571,C,S,I,1,3,1,1,2,1,1,0,0,0
572,H,R,X,1,2,1,1,2,1,1,0,0,0
573,C,S,O,1,3,1,1,2,1,1,0,0,0
574,H,S,X,1,2,1,2,2,1,1,0,0,0
575,D,A,O,1,3,1,2,2,1,1,0,0,0
576,H,S,X,1,2,1,1,2,1,1,0,0,0
577,H,R,X,1,3,1,2,1,1,1,0,0,0
578,B,X,O,1,3,1,1,2,1,1,0,0,0
579,C,S,O,1,2,1,2,2,1,1,1,0,0
580,C,S,O,1,2,1,1,2,1,1,0,0,0
581,C,R,O,1,3,1,1,2,1,1,0,0,0
582,C,S,O,1,1,1,1,2,1,1,0,0,0
583,B,X,O,1,3,1,1,2,1,1,0,0,0
584,C,S,O,1,2,1,1,2,1,1,1,0,0
585,D,A,I,1,3,1,2,2,1,1,1,0,0
586,H,S,X,1,2,1,1,2,1,1,0,0,0
587,H,S,X,1,3,1,2,1,1,1,0,0,0
588,C,S,O,1,3,1,1,2,1,1,1,0,0
589,C,S,O,1,3,1,2,2,1,1,2,1,0
590,H,S,X,1,3,1,1,2,1,1,1,0,0
591,C,R,O,1,2,1,1,2,1,1,0,0,0
592,D,S,O,1,3,1,1,2,1,1,0,0,0
593,H,S,X,2,3,1,1,2,1,1,0,0,0
594,H,S,X,1,3,1,1,2,1,1,0,0,0
595,D,A,O,1,2,1,2,2,1,1,1,0,0
596,H,S,X,1,2,1,1,2,1,1,0,0,0
597,H,S,X,1,2,1,2,1,1,1,0,0,0
598,D,S,I,1,3,1,1,2,1,1,0,0,0
599,D,A,I,2,2,1,2,2,1,1,1,0,0
600,F,S,O,2,2,1,1,2,1,1,0,0,0
601,H,R,X,1,2,1,1,2,1,1,0,0,0
602,C,R,I,1,2,1,1,2,1,1,2,0,0
603,H,S,X,1,2,1,1,2,1,1,0,0,0
604,H,S,X,1,2,1,1,2,1,1,0,0,0
605,D,A,O,1,3,1,2,2,1,1,0,0,0
606,D,A,I,2,2,1,2,2,1,1,2,0,0
607,D,S,O,2,2,3,2,2,1,1,0,0,0
608,F,H,O,1,2,1,1,2,1,1,0,0,0
609,C,R,O,1,3,1,1,2,1,1,0,0,0
610,D,R,I,1,3,1,1,2,1,1,0,0,0
611,C,S,O,1,2,1,1,2,1,1,0,0,0
612,H,R,X,1,2,1,1,2,1,1,0,0,0
613,H,R,X,1,3,1,1,1,1,1,0,0,0
614,D,S,O,1,3,1,1,2,1,1,0,0,0
615,D,S,I,1,1,1,2,2,1,1,0,0,0
616,C,R,I,1,2,1,2,2,1,1,1,0,0
617,C,S,O,1,3,1,1,2,1,1,0,0,0
618,B,X,I,2,2,1,2,2,1,1,0,0,0
619,H,S,X,1,3,1,1,2,1,1,0,0,0
620,B,X,O,1,3,1,1,2,1,1,0,0,0
621,C,S,I,1,3,1,1,2,1,1,0,0,0
622,H,R,X,2,1,1,2,2,1,1,0,0,0
623,C,S,O,1,2,1,2,2,1,1,0,0,0
624,H,S,X,1,2,1,1,2,1,1,0,0,0
625,B,X,I,1,2,1,2,2,1,1,1,0,0
626,C,S,O,1,2,1,1,2,1,1,0,0,0
627,B,X,O,1,3,1,1,2,1,1,0,0,0
628,D,A,O,1,3,1,1,2,1,1,0,0,0
629,C,S,O,1,2,1,1,2,1,1,0,0,0
630,B,X,O,1,3,1,1,2,1,1,0,0,0
631,C,S,O,2,2,1,2,2,1,1,0,0,0
632,C,S,I,1,3,1,1,2,1,1,0,0,0
633,C,R,O,1,2,1,2,2,1,1,0,0,0
634,C,S,O,1,3,1,1,2,1,1,0,0,0
635,D,A,I,1,2,1,1,2,1,1,0,0,0
636,E,A,I,1,3,1,1,2,1,1,0,0,0
637,H,R,X,1,3,1,1,2,1,1,0,0,0
638,C,R,O,1,3,1,1,2,1,1,0,0,0
639,H,S,X,1,1,1,2,2,1,1,0,0,0
640,D,S,O,1,2,1,1,2,1,1,0,0,0
641,C,S,O,2,3,1,2,2,1,1,0,0,0
642,C,S,O,1,3,1,1,2,1,1,0,0,0
643,D,A,O,1,2,1,2,2,1,1,0,0,0
644,F,S,I,1,3,1,2,2,1,1,2,0,0
645,D,A,I,1,2,1,1,2,1,1,0,0,0
646,C,R,O,1,3,1,1,2,1,1,0,0,0
647,D,A,I,1,3,1,1,2,1,1,1,0,0
648,E,S,O,1,3,1,1,2,1,1,6,0,0
649,H,S,X,1,2,1,2,2,1,1,0,0,0
650,C,S,O,1,2,1,1,2,1,1,0,0,0
651,H,S,X,1,1,1,1,2,1,1,0,0,0
652,C,S,O,1,3,1,2,2,1,1,0,0,0
653,F,S,I,1,3,1,2,2,1,1,1,0,0
654,D,R,O,1,2,1,2,2,1,1,0,0,0
655,D,A,I,2,3,1,2,2,1,1,0,0,0
656,D,R,C,2,3,1,1,2,1,1,1,0,0
657,H,K,X,1,3,1,1,1,1,1,0,0,0
658,C,R,O,1,2,1,1,2,1,1,0,0,0
659,H,S,X,1,2,1,1,2,1,1,0,0,0
660,H,A,X,1,1,1,2,2,1,1,0,0,0
661,F,S,I,2,2,1,2,2,1,1,0,0,0
662,B,X,O,1,2,1,2,2,1,1,0,0,0
663,D,S,I,1,2,1,2,2,1,1,0,0,0
664,E,H,C,2,3,1,2,2,1,1,0,0,0
665,B,X,O,1,2,1,1,2,1,1,0,0,0
666,C,H,O,1,3,1,2,2,1,1,0,0,0
667,B,X,O,1,3,1,1,2,1,1,0,0,0
668,H,R,X,1,2,1,1,2,1,1,0,0,0
669,H,R,X,1,3,1,2,2,1,1,0,0,0
670,F,R,I,1,2,1,2,2,1,1,1,0,0
671,H,S,X,1,1,1,2,2,1,1,0,0,0
672,D,A,I,1,3,1,2,2,1,1,1,0,0
673,E,K,I,2,3,1,2,2,2,1,1,0,0
674,F,H,O,1,2,1,2,2,1,1,1,0,0
675,B,X,O,1,3,1,1,2,1,1,0,0,0
676,H,R,X,1,2,1,1,2,1,1,0,0,0
677,B,X,O,1,2,1,2,2,1,1,0,0,0
678,D,A,I,1,2,1,2,2,1,1,1,0,0
679,F,K,I,1,2,1,2,2,1,1,1,0,0
680,E,H,O,2,2,1,2,2,1,1,1,0,0
681,B,X,I,1,3,1,1,2,1,1,0,0,0
682,H,S,X,1,2,1,2,1,1,1,0,0,0
683,H,R,X,1,2,1,1,2,1,1,0,0,0
684,B,X,O,1,1,1,2,2,1,1,0,0,0
685,D,S,I,2,2,1,2,2,1,1,1,0,0
686,E,K,I,2,2,1,2,2,1,1,2,0,0
687,F,H,O,1,3,1,2,2,1,1,0,0,0
688,C,R,O,1,3,1,1,2,1,1,0,0,0
689,C,S,O,1,3,1,2,2,1,1,0,0,0
690,H,R,X,1,1,1,2,2,1,1,0,0,0
691,B,X,I,1,1,1,2,2,1,1,0,0,0
692,F,K,I,1,2,1,2,2,1,1,4,0,0
693,D,H,I,2,3,1,2,2,1,1,0,0,0
694,C,R,O,1,2,1,1,2,1,1,0,0,0
695,H,S,X,1,3,1,2,2,1,1,0,0,0
696,H,R,X,1,2,1,1,2,1,1,0,0,0
697,B,X,O,1,3,1,1,2,1,1,0,0,0
698,H,S,X,1,3,1,1,1,1,1,0,0,0
699,H,R,X,1,3,1,2,2,1,1,0,0,0
700,F,A,I,2,3,1,2,2,2,1,1,1,0
701,E,H,I,1,3,1,2,2,1,1,1,1,0
702,H,S,X,1,2,1,2,2,1,1,0,0,0
703,H,R,X,1,2,1,1,2,1,1,0,0,0
704,H,S,X,1,3,1,1,1,1,1,0,0,0
705,H,R,X,1,3,1,2,2,1,1,0,0,0
706,F,A,I,2,3,1,2,2,1,1,0,0,0
707,E,H,I,1,3,1,2,2,1,1,3,0,0
708,H,S,X,1,3,1,2,2,1,1,0,0,0
709,H,R,X,1,3,1,1,2,1,1,0,0,0
710,H,S,X,1,3,1,1,1,1,1,0,0,0
711,B,X,O,1,3,1,1,2,1,1,0,0,0
712,F,A,I,2,2,3,2,2,1,1,0,0,0
713,E,H,O,2,2,2,2,2,1,1,0,0,0
714,H,S,X,1,2,1,2,2,1,1,0,0,0
715,H,R,X,1,2,1,1,2,1,1,0,0,0
716,C,S,I,1,3,1,1,2,1,1,0,0,0
717,F,A,I,1,2,1,2,2,1,1,1,0,0
718,E,H,O,2,2,1,2,2,1,1,1,0,0
719,H,S,X,1,3,1,2,2,1,1,0,0,0
720,H,R,X,1,3,1,1,2,1,1,0,0,0
721,D,S,I,1,3,1,1,2,1,1,0,0,0
722,F,A,I,1,2,1,2,2,1,1,0,0,0
723,E,A,O,1,2,1,2,2,1,1,1,0,0
724,H,S,X,1,3,1,2,2,1,1,0,0,0
725,D,S,I,1,3,1,2,2,1,1,0,0,0
726,C,R,O,1,2,1,1,2,1,1,0,0,0
727,B,X,O,1,3,1,1,2,1,1,0,0,0
728,F,A,I,2,2,1,2,2,1,1,1,0,0
729,H,S,X,1,3,1,2,2,1,1,0,0,0
730,D,A,O,1,3,1,2,2,1,1,0,0,0
731,B,X,O,1,3,1,1,2,1,1,0,0,0
732,B,X,O,1,2,1,1,2,1,1,0,0,0
733,B,X,O,1,2,1,1,2,1,1,0,0,0
734,B,X,I,1,3,1,1,2,1,1,0,0,0
735,E,S,O,1,1,1,2,2,1,1,0,0,0
736,D,A,I,1,3,1,2,2,1,1,0,0,0
737,H,R,X,1,3,1,1,2,1,1,0,0,0
738,C,R,O,1,3,1,1,2,1,1,0,0,0
739,B,X,O,1,3,1,1,2,1,1,0,0,0
740,H,S,X,1,2,1,2,1,1,1,0,0,0
741,H,R,X,2,2,1,2,2,1,1,0,0,0
742,C,S,O,1,3,1,1,2,1,1,0,0,0
743,D,A,I,1,3,1,2,2,1,1,0,0,0
744,H,R,X,1,2,1,1,2,1,1,0,0,0
745,B,X,O,1,2,1,1,2,1,1,0,0,0
746,C,R,O,1,2,1,1,2,1,1,0,0,0
747,H,S,X,1,2,1,2,1,1,1,0,0,0
748,B,X,I,1,3,1,1,2,1,1,0,0,0
749,H,S,X,1,2,1,1,1,1,1,0,0,0
750,H,A,X,1,2,1,1,2,1,1,0,0,0
751,C,A,O,1,2,1,2,2,1,1,0,0,0
752,B,X,O,1,3,1,1,2,1,1,0,0,0
753,B,X,I,1,3,1,1,2,1,1,0,0,0
754,B,X,O,1,3,1,1,2,1,1,0,0,0
755,H,S,X,1,3,1,2,1,1,1,0,0,0
756,C,R,O,1,3,1,1,2,1,1,0,0,0
757,C,S,O,1,3,1,1,2,1,1,0,0,0
758,H,A,X,1,3,1,1,2,1,1,0,0,0
759,E,A,O,1,3,1,2,2,1,1,0,0,0
760,B,X,O,1,3,1,1,2,1,1,0,0,0
761,H,S,X,1,2,1,2,1,1,1,0,0,0
762,C,R,O,1,2,1,1,2,1,1,0,0,0
763,H,S,X,1,3,1,1,2,1,1,0,0,0
764,C,A,O,1,2,1,2,2,1,1,0,0,0
765,C,R,O,1,3,1,1,2,1,1,0,0,0
766,H,S,X,1,2,1,2,1,1,1,0,0,0
767,H,R,X,1,1,1,1,2,1,1,1,0,0
768,H,S,X,1,1,1,1,2,1,1,0,0,0
769,C,S,I,1,3,1,1,2,1,1,1,0,0
770,H,A,X,1,3,1,2,1,1,1,0,0,0
771,B,X,I,1,2,1,1,2,1,1,0,0,0
772,H,S,X,1,2,1,1,2,1,1,0,0,0
773,B,X,O,2,2,1,2,2,1,1,2,0,0
774,C,S,O,1,2,1,1,2,1,1,0,0,0
775,C,A,O,1,3,1,2,2,1,1,0,0,0
776,B,X,O,2,2,1,1,2,1,1,0,0,0
777,H,S,X,1,2,1,1,2,1,1,0,0,0
778,H,R,X,1,2,1,1,2,1,1,0,0,0
779,C,R,O,1,3,1,1,2,1,1,0,0,0
780,B,X,O,1,3,1,1,2,1,1,0,0,0
781,C,S,O,2,2,1,1,2,1,1,0,0,0
782,H,A,X,1,2,1,2,2,1,1,0,0,0
783,B,X,O,1,1,1,1,2,1,1,0,0,0
784,H,S,X,1,2,1,1,2,1,1,0,0,0
785,B,X,O,1,3,1,1,2,1,1,0,0,0
786,H,R,X,1,2,1,1,2,1,1,0,0,0
787,C,R,O,1,2,1,1,2,1,1,0,0,0
788,H,A,X,1,2,1,2,2,1,1,0,0,0
789,H,H,X,1,3,1,1,2,1,1,0,0,0
790,B,X,O,1,1,1,1,2,1,1,0,0,0
791,H,R,X,1,1,1,1,2,1,1,0,0,0
792,H,S,X,1,2,1,1,2,1,1,1,0,0
793,C,R,O,1,3,1,1,2,1,1,0,0,0
794,H,A,X,1,3,1,2,2,1,1,0,0,0
795,H,H,X,1,2,1,1,2,1,1,0,0,0
796,B,X,O,1,3,1,1,2,1,1,0,0,0
797,H,S,X,1,2,1,1,2,1,1,1,0,0
798,C,R,O,1,2,1,1,2,1,1,0,0,0
799,B,X,O,1,1,1,2,2,1,1,0,0,0
800,H,S,X,1,2,1,1,2,1,1,0,0,0
801,C,S,O,2,2,1,1,2,1,1,0,0,0
802,B,X,O,1,3,1,1,2,1,1,1,0,0
803,C,S,O,1,2,1,1,2,1,1,0,0,0
804,B,X,O,1,2,1,2,2,1,1,0,0,0
805,H,S,X,1,3,1,1,2,1,1,0,0,0
806,C,S,O,2,3,1,1,2,1,1,0,0,0
807,B,X,O,2,3,1,1,2,1,1,0,0,0
808,C,S,O,1,3,1,1,2,1,1,0,0,0
809,B,X,O,1,2,1,1,2,1,1,0,0,0
810,H,S,X,1,3,1,1,1,1,1,0,0,0
811,H,A,X,1,3,1,1,1,1,1,0,0,0
812,H,A,X,1,3,1,1,1,1,1,0,0,0
813,H,A,X,1,2,1,1,1,1,1,0,0,0
814,H,A,X,1,2,1,1,1,1,1,0,0,0
815,H,S,X,1,3,1,1,2,1,1,0,0,0
816,D,A,I,1,3,1,2,2,1,1,2,0,0
817,H,S,X,1,2,1,1,2,1,1,0,0,0
818,D,R,O,1,2,1,1,2,1,1,1,0,0
819,D,A,I,1,3,1,1,2,1,1,0,1,0
820,C,A,O,1,3,1,1,2,1,1,0,0,0
821,H,S,X,1,2,1,1,1,1,1,0,0,0
822,H,S,X,1,2,1,1,1,1,1,0,0,0
823,C,S,O,1,3,1,1,2,1,1,0,0,0
824,B,X,O,1,3,1,1,2,1,1,0,0,0
825,H,S,X,1,2,1,1,1,1,1,0,0,0
826,H,S,X,1,3,1,1,2,1,1,0,0,0
827,D,A,I,1,3,1,2,2,1,1,3,0,0
828,H,S,X,1,2,1,1,2,1,1,0,0,0
829,D,R,O,1,3,1,1,2,1,1,0,0,0
830,D,A,I,1,3,1,2,2,1,1,0,1,0
831,C,A,O,1,3,1,1,2,1,1,0,0,0
832,H,S,X,1,2,1,1,1,1,1,0,0,0
833,H,S,X,1,2,1,1,1,1,1,0,0,0
834,H,S,X,1,2,1,1,2,1,1,0,0,0
835,H,S,X,1,3,1,1,1,1,1,2,0,0
836,D,H,O,1,3,1,2,2,1,1,0,0,0
837,H,S,X,1,2,1,1,2,1,1,0,0,0
838,C,R,O,2,2,1,1,2,1,1,0,0,0
839,D,S,O,2,2,2,2,2,1,1,1,1,0
840,C,R,O,1,2,1,1,2,1,1,0,0,0
841,H,S,X,1,3,1,1,1,1,1,0,0,0
842,H,S,X,1,3,1,1,1,1,1,0,0,0
843,C,S,O,1,3,1,1,2,1,1,3,0,0
844,F,A,I,1,3,1,1,2,1,1,0,0,0
845,E,S,O,1,2,1,2,2,1,1,0,0,0
846,H,S,X,1,2,1,1,2,1,1,0,0,0
847,D,R,O,1,2,1,1,2,1,1,0,0,0
848,C,S,O,2,2,3,2,2,1,1,0,0,0
849,H,S,X,1,1,1,1,2,1,1,0,0,0
850,D,S,O,1,1,1,1,2,1,1,0,0,0
851,C,S,O,1,3,1,1,2,1,1,0,0,0
852,D,A,I,2,3,1,1,2,1,1,3,0,0
853,C,A,O,1,3,1,2,2,1,1,0,0,0
854,H,S,X,1,2,1,2,1,1,1,0,0,0
855,H,S,X,1,2,1,1,2,1,1,0,0,0
856,C,R,O,1,2,1,1,2,1,1,0,0,0
857,H,S,X,1,1,2,2,2,1,1,0,0,0
858,C,S,O,1,3,1,1,2,1,1,0,0,0
859,C,S,O,1,3,1,1,2,1,1,0,0,0
860,D,K,I,2,3,1,2,2,1,1,2,0,0
861,E,A,I,1,3,1,2,2,1,1,3,0,0
862,H,S,X,1,2,1,2,1,1,1,0,0,0
863,C,R,O,1,3,1,1,2,1,1,0,0,0
864,H,S,X,1,3,1,1,2,1,1,0,0,0
865,C,R,O,1,2,1,1,2,1,1,0,0,0
866,H,S,X,1,3,1,2,2,1,1,0,0,0
867,C,S,O,1,2,1,1,2,1,1,0,0,0
868,C,S,O,1,2,1,1,2,1,1,0,0,0
869,D,K,I,2,3,1,2,2,1,1,0,0,0
870,E,A,I,1,2,1,2,2,1,1,0,0,0
871,H,S,X,1,3,1,2,1,1,1,0,0,0
872,C,R,O,1,3,1,1,2,1,1,0,0,0
873,B,X,O,1,3,1,1,2,1,1,0,0,0
874,B,X,O,1,2,1,1,2,1,1,1,0,0
875,H,S,X,1,2,1,1,2,1,1,0,0,0
876,H,R,X,1,1,1,1,2,1,1,0,0,0
877,H,S,X,1,2,1,2,2,1,1,0,0,0
878,H,S,X,1,1,1,1,2,1,1,0,0,0
879,H,S,X,1,2,1,1,2,1,1,0,0,0
880,D,A,I,2,2,1,2,2,1,1,1,0,0
881,D,S,I,2,3,1,2,2,1,1,0,0,0
882,H,S,X,1,2,1,2,1,1,1,0,0,0
883,C,R,O,1,2,1,1,2,1,1,0,0,0
884,D,R,O,1,3,1,1,2,1,1,0,0,0
885,D,S,O,1,3,1,1,2,1,1,2,2,0
886,H,S,X,1,2,1,2,2,1,1,0,0,0
887,H,S,X,1,2,1,1,2,1,1,0,0,0
888,H,S,X,1,1,1,1,2,1,1,0,0,0
889,D,S,O,1,2,1,2,2,1,1,3,0,0
890,D,S,O,1,2,1,2,2,1,1,0,0,0
891,H,S,X,1,2,1,2,1,1,1,0,0,0
892,D,S,O,1,3,1,1,2,1,1,0,0,0
893,E,S,O,2,3,3,1,2,1,1,0,0,0
894,B,X,O,1,3,1,1,2,1,1,0,0,0
895,H,S,X,1,3,1,2,2,1,1,0,0,0
896,H,S,X,1,2,1,1,2,1,1,0,0,0
897,H,S,X,1,2,1,1,2,1,1,0,0,0
898,D,K,I,2,2,1,2,2,1,1,3,0,0
899,C,S,O,1,2,1,2,2,1,1,0,0,0
900,H,S,X,1,3,1,2,1,1,1,0,0,0
901,B,X,O,1,3,1,1,2,1,1,0,0,0
902,D,A,I,1,3,1,1,2,1,1,1,0,0
903,C,S,O,2,2,2,1,2,1,1,0,0,0
904,D,R,O,1,3,1,1,2,1,1,0,0,0
905,H,S,X,1,2,1,2,2,1,1,0,0,0
906,H,S,X,1,2,1,1,2,1,1,0,0,0
907,H,S,X,1,3,1,1,2,1,1,0,0,0
908,D,K,I,2,2,1,2,2,1,1,0,0,0
909,C,S,O,1,2,1,2,2,1,1,0,0,0
910,H,S,X,1,3,1,2,1,1,1,0,0,0
911,B,X,O,1,1,1,1,2,1,1,0,0,0
912,D,A,I,1,3,1,2,2,1,1,0,0,0
913,C,S,O,1,2,1,1,2,1,1,0,0,0
914,D,R,O,1,3,1,1,2,1,1,0,0,0
915,H,S,X,1,2,1,2,2,1,1,0,0,0
916,H,S,X,1,2,1,1,2,1,1,0,0,0
917,E,A,O,1,2,1,2,2,1,1,0,1,0
918,C,S,O,1,1,1,2,2,1,1,0,0,0
919,H,S,X,1,3,1,2,1,1,1,0,0,0
920,H,R,X,1,2,1,1,2,1,1,0,0,0
921,E,A,C,2,2,1,2,2,1,1,0,0,0
922,D,A,I,1,3,1,1,2,1,1,0,0,0
923,D,A,I,1,3,1,1,2,1,1,0,0,0
924,E,S,I,1,3,1,1,2,1,1,0,0,0
925,D,S,I,1,3,1,1,2,1,1,0,0,0
926,H,S,X,1,2,1,1,2,1,1,0,0,0
927,C,A,O,2,2,3,2,2,1,1,0,0,0
928,C,S,O,1,3,1,2,2,1,1,0,0,0
929,H,S,X,1,2,1,2,1,1,1,0,0,0
930,H,R,X,1,3,1,1,2,1,1,0,0,0
931,E,A,I,1,2,1,2,2,1,1,0,0,0
932,D,K,I,1,3,1,2,2,1,1,1,0,0
933,D,A,O,1,3,1,2,2,1,1,0,0,0
934,E,K,I,1,3,1,2,2,2,1,0,0,0
935,D,K,I,1,3,1,2,2,1,1,0,0,0
936,H,R,X,1,3,1,1,2,1,1,0,0,0
937,H,S,X,1,3,1,1,1,1,1,0,0,0
938,C,A,O,1,2,1,2,2,1,1,0,0,0
939,C,S,O,1,2,1,2,2,1,1,0,0,0
940,H,S,X,1,3,1,2,1,1,1,0,0,0
941,D,K,I,2,2,1,2,2,1,1,0,0,0
942,B,X,O,1,2,1,2,2,1,1,0,0,0
943,E,K,I,1,2,1,2,2,1,1,1,0,0
944,D,K,I,1,3,1,2,2,1,1,1,0,0
945,H,R,X,1,3,1,1,2,1,1,1,0,0
946,H,S,X,1,3,1,1,1,1,1,0,0,0
947,H,S,X,1,1,1,2,2,1,1,0,0,0
948,H,S,X,1,3,1,2,1,1,1,0,0,0
949,D,A,I,1,2,1,2,2,1,1,0,0,0
950,F,K,C,1,2,1,2,2,2,1,0,1,1
951,E,K,C,2,3,1,2,2,2,1,0,0,0
952,D,A,I,1,3,1,1,2,1,1,0,2,0
953,C,R,O,1,3,1,1,2,1,1,0,0,0
954,H,R,X,1,2,1,1,2,1,1,0,0,0
955,B,X,O,1,3,1,1,2,1,1,0,0,0
956,H,S,X,1,2,1,2,1,1,1,0,0,0
957,D,A,I,1,2,1,2,2,1,1,1,0,0
958,E,K,C,2,2,3,2,2,2,1,0,0,0
959,F,K,C,1,3,1,2,2,2,1,0,0,0
960,D,K,C,2,3,1,2,2,2,1,1,3,2
961,C,S,I,1,2,1,1,2,1,1,0,0,0
962,H,S,X,1,3,1,1,2,1,1,0,0,0
963,D,A,I,1,3,1,1,2,1,1,0,0,0
964,D,S,O,1,3,1,1,2,1,1,0,0,0
965,H,S,X,1,2,1,1,1,1,1,0,0,0
966,B,X,O,1,3,1,1,2,1,1,0,0,0
967,H,S,X,1,2,1,2,1,1,1,0,0,0
968,D,S,O,1,1,1,2,2,1,1,0,0,0
969,E,K,C,2,3,3,2,2,2,1,1,0,1
970,F,K,I,1,2,1,2,2,2,1,0,0,0
971,E,K,C,2,3,3,2,2,2,1,0,5,1
972,C,R,I,1,2,1,1,2,1,1,0,0,0
973,B,S,O,1,3,1,1,2,1,1,0,0,0
974,D,A,O,1,3,1,2,2,1,1,1,0,0
975,C,R,O,1,3,1,1,2,1,1,0,0,0
976,H,S,X,1,3,1,1,1,1,1,0,0,0
977,C,R,O,1,2,1,1,2,1,1,0,0,0
978,H,S,X,1,2,1,2,1,1,1,0,0,0
979,H,S,X,2,2,1,2,2,1,1,0,0,0
980,E,K,C,2,2,3,2,2,2,1,2,2,0
981,E,K,I,1,3,1,2,2,2,1,1,0,0
982,E,K,C,2,2,3,2,2,2,1,0,0,0
983,B,S,O,1,2,1,1,2,1,1,0,0,0
984,E,A,I,1,3,1,2,2,1,1,0,0,0
985,D,R,I,1,3,1,1,2,1,1,0,0,0
986,H,S,X,1,2,1,1,1,1,1,0,0,0
987,C,R,O,1,3,1,1,2,1,1,0,0,0
988,H,S,X,1,3,1,2,2,1,1,0,0,0
989,E,K,C,2,2,2,2,2,2,1,4,0,0
990,E,A,I,1,2,1,2,2,1,1,3,0,0
991,H,S,X,1,2,1,1,2,1,1,0,0,0
992,E,A,O,2,2,1,2,2,1,1,0,0,0
993,D,R,I,1,3,1,2,2,1,1,0,0,0
994,H,S,X,1,2,1,1,1,1,1,0,0,0
995,H,R,X,1,3,1,1,2,1,1,0,0,0
996,D,S,O,1,3,1,1,2,1,1,0,0,0
997,H,R,X,1,2,1,1,1,1,1,0,0,0
998,E,K,C,2,2,2,2,2,2,1,0,0,0
999,F,S,I,2,2,1,2,2,1,1,2,0,0
1000,D,S,I,1,3,1,1,2,1,1,1,0,0
1001,H,S,X,1,3,1,1,2,1,1,0,0,0
1002,D,S,O,1,3,1,2,2,1,1,0,0,0
1003,D,A,I,1,2,1,2,2,1,1,0,0,0
1004,H,A,X,1,3,1,1,1,1,1,0,0,0
1005,D,S,O,1,2,1,1,2,1,1,0,0,0
1006,H,S,X,1,2,1,1,1,1,1,0,0,0
1007,C,S,O,1,3,1,1,2,1,1,0,0,0
1008,H,S,X,1,2,1,2,1,1,1,0,0,0
1009,E,K,C,2,3,1,2,2,2,1,2,1,0
1010,F,A,I,2,2,1,2,2,1,1,0,0,0
1011,C,S,O,1,2,1,2,2,1,1,0,0,0
1012,D,A,I,1,2,1,2,2,1,1,0,0,0
1013,H,A,X,1,2,1,1,1,1,1,0,0,0
1014,B,X,O,1,3,1,1,2,1,1,0,0,0
1015,H,S,X,1,3,1,1,1,1,1,0,0,0
1016,D,A,O,1,3,1,1,2,1,1,0,0,0
1017,D,H,O,1,3,1,2,2,1,1,0,0,0
1018,D,S,O,1,3,1,1,2,1,1,2,1,0
1019,E,K,C,2,2,1,2,2,1,1,0,0,0
1020,F,A,I,1,2,1,2,2,1,1,0,0,0
1021,C,S,O,1,2,1,2,2,1,1,0,0,0
1022,D,A,I,1,1,1,2,2,1,1,1,1,0
1023,H,A,X,1,2,1,1,1,1,1,0,0,0
1024,H,S,X,1,2,1,1,1,1,1,0,0,0
1025,D,A,O,1,2,1,1,2,1,1,0,0,0
1026,D,H,O,1,3,1,2,2,1,1,0,0,0
1027,D,S,O,1,3,1,1,2,1,1,0,0,0
1028,H,S,X,1,1,1,2,2,1,1,0,0,0
1029,F,S,I,1,3,1,2,2,1,1,0,0,0
1030,H,S,X,1,3,1,1,1,1,1,0,0,0
1031,B,X,I,1,2,1,1,2,1,1,0,0,0
1032,D,H,O,1,2,1,2,2,1,1,0,0,0
1033,D,R,O,1,3,1,1,2,1,1,0,0,0
1034,D,A,I,2,3,2,1,2,1,1,0,0,0
1035,H,S,X,1,2,1,1,1,1,1,0,0,0
1036,C,R,O,1,3,1,1,2,1,1,1,0,0
1037,C,R,O,1,2,1,1,2,1,1,0,0,0
1038,D,H,O,1,2,1,2,2,1,1,0,0,0
1039,C,S,O,1,2,1,1,2,1,1,0,0,0
1040,E,A,I,1,2,1,2,2,1,1,0,0,0
1041,H,S,X,1,2,1,1,1,1,1,1,0,0
1042,C,S,O,1,3,1,1,2,1,1,0,0,0
1043,H,S,X,1,2,1,1,2,1,1,0,0,0
1044,D,S,O,1,3,1,2,2,1,1,0,0,0
1045,B,X,O,1,1,1,1,2,1,1,0,0,0
1046,E,A,O,1,2,1,2,2,1,1,4,1,0
1047,H,S,X,1,3,1,1,1,1,1,1,0,0
1048,H,S,X,1,3,1,1,1,1,1,0,0,0
1049,H,S,X,1,2,1,1,2,1,1,0,0,0
1050,H,S,X,1,2,1,1,2,1,1,1,0,0
1051,D,H,O,1,3,1,2,2,1,1,0,0,0
1052,E,A,I,2,2,1,2,2,1,1,0,0,0
1053,D,S,O,1,3,1,1,2,1,1,0,0,0
1054,H,S,X,1,1,1,1,1,1,1,0,0,0
1055,H,S,X,1,2,1,1,2,1,1,0,0,0
1056,H,S,X,1,2,1,1,2,1,1,1,0,0
1057,D,S,O,1,2,1,2,2,1,1,0,0,0
1058,H,S,X,1,2,2,2,2,1,1,0,0,0
1059,H,S,X,2,2,1,1,2,1,1,0,0,0
1060,D,R,O,1,3,1,1,2,1,1,0,0,0
1061,H,S,X,1,2,1,1,1,1,1,0,0,0
1062,H,S,X,2,2,1,1,2,1,1,0,0,0
1063,C,S,O,1,2,1,2,2,1,1,0,0,0
1064,H,R,X,1,2,1,1,2,1,1,0,0,0
1065,B,X,O,1,1,1,1,2,1,1,0,0,0
